{
  "sheetsById": {
    "Main": {
      "staticOverrides": {
        "byObject": {
          "Camera": {
            "position": {
              "x": -0.48797750398492745,
              "y": 1.0848569410559983,
              "z": 2.063355358479092
            },
            "far": 2000.2000000000005,
            "near": 0.5000000000000063,
            "rotation": {
              "y": 0.41782425087653335,
              "x": 2.91578756796291,
              "z": 1.7049989276725908
            },
            "scale": {
              "x": 1
            },
            "fov": 38.90000000000001,
            "zoom": 2.3699999999999997
          },
          "Camera Target": {
            "rotation": {
              "x": -2.1600000000000033,
              "y": 0.22999999999999998
            },
            "position": {
              "x": 0.3011247725552173,
              "y": 1.5871787549881502,
              "z": 5.134091758128355
            }
          },
          "FlowText-1": {
            "t": -0.5519999999999997
          },
          "SunObject": {
            "position": {
              "x": -6.335521227823607,
              "y": -6.094724524912962,
              "z": -24.51077806698927
            }
          }
        }
      },
      "sequence": {
        "subUnitsPerUnit": 30,
        "length": 10,
        "type": "PositionalSequence",
        "tracksByObject": {
          "Camera": {
            "trackData": {
              "vIvEeZZ6kg": {
                "type": "BasicKeyframedTrack",
                "__debugName": "Camera:[\"position\",\"x\"]",
                "keyframes": [
                  {
                    "id": "OLpgsI2QAz",
                    "position": 0,
                    "connectedRight": true,
                    "handles": [
                      0.5,
                      1,
                      0.5,
                      0
                    ],
                    "type": "bezier",
                    "value": 2.0536395468866537
                  },
                  {
                    "id": "JsINMg-L7K",
                    "position": 9.067,
                    "connectedRight": true,
                    "handles": [
                      0.5,
                      1,
                      0.5,
                      0
                    ],
                    "type": "bezier",
                    "value": 2.594932544034673
                  }
                ]
              },
              "ymNVelcfJ2": {
                "type": "BasicKeyframedTrack",
                "__debugName": "Camera:[\"position\",\"y\"]",
                "keyframes": [
                  {
                    "id": "HfZm_uk5WU",
                    "position": 0,
                    "connectedRight": true,
                    "handles": [
                      0.5,
                      1,
                      0.5,
                      0
                    ],
                    "type": "bezier",
                    "value": -0.059999999999999776
                  },
                  {
                    "id": "aF66h4fDGO",
                    "position": 9.067,
                    "connectedRight": true,
                    "handles": [
                      0.5,
                      1,
                      0.5,
                      0
                    ],
                    "type": "bezier",
                    "value": 0.04000000000000047
                  }
                ]
              },
              "-0WaX7W5IB": {
                "type": "BasicKeyframedTrack",
                "__debugName": "Camera:[\"position\",\"z\"]",
                "keyframes": [
                  {
                    "id": "wig2a4N2Vc",
                    "position": 0,
                    "connectedRight": true,
                    "handles": [
                      0.5,
                      1,
                      0.5,
                      0
                    ],
                    "type": "bezier",
                    "value": 0.2045042638871708
                  },
                  {
                    "id": "I8IsdRz9gv",
                    "position": 9.067,
                    "connectedRight": true,
                    "handles": [
                      0.5,
                      1,
                      0.5,
                      0
                    ],
                    "type": "bezier",
                    "value": 5.925856598247387
                  }
                ]
              },
              "IVSbbMaHpt": {
                "type": "BasicKeyframedTrack",
                "__debugName": "Camera:[\"rotation\",\"x\"]",
                "keyframes": [
                  {
                    "id": "lq109I1elf",
                    "position": 0,
                    "connectedRight": true,
                    "handles": [
                      0.5,
                      1,
                      0.5,
                      0
                    ],
                    "type": "bezier",
                    "value": 0
                  },
                  {
                    "id": "7rb4D5rzs6",
                    "position": 9.067,
                    "connectedRight": true,
                    "handles": [
                      0.5,
                      1,
                      0.5,
                      0
                    ],
                    "type": "bezier",
                    "value": 0
                  }
                ]
              },
              "WpGyxt1-xo": {
                "type": "BasicKeyframedTrack",
                "__debugName": "Camera:[\"rotation\",\"y\"]",
                "keyframes": [
                  {
                    "id": "BTnJYGXaIY",
                    "position": 0,
                    "connectedRight": true,
                    "handles": [
                      0.5,
                      1,
                      0.5,
                      0
                    ],
                    "type": "bezier",
                    "value": 0.5100000000000002
                  },
                  {
                    "id": "uM1gTeYJBG",
                    "position": 9.067,
                    "connectedRight": true,
                    "handles": [
                      0.5,
                      1,
                      0.5,
                      0
                    ],
                    "type": "bezier",
                    "value": 0.41000000000000014
                  }
                ]
              },
              "AEMTZMZUNY": {
                "type": "BasicKeyframedTrack",
                "__debugName": "Camera:[\"rotation\",\"z\"]",
                "keyframes": [
                  {
                    "id": "2r7Qj-0m0S",
                    "position": 0,
                    "connectedRight": true,
                    "handles": [
                      0.5,
                      1,
                      0.5,
                      0
                    ],
                    "type": "bezier",
                    "value": -1.5700000000000007
                  },
                  {
                    "id": "bUrv9wMvQ_",
                    "position": 9.067,
                    "connectedRight": true,
                    "handles": [
                      0.5,
                      1,
                      0.5,
                      0
                    ],
                    "type": "bezier",
                    "value": -0.02000000000000001
                  }
                ]
              },
              "xsakqwxZIj": {
                "type": "BasicKeyframedTrack",
                "__debugName": "Camera:[\"zoom\"]",
                "keyframes": [
                  {
                    "id": "rZF7IrCH1b",
                    "position": 0,
                    "connectedRight": true,
                    "handles": [
                      0.5,
                      1,
                      0.5,
                      0
                    ],